date,Acadia National Park,Arches National Park,Badlands National Park,Big Bend National Park,Biscayne National Park,Black Canyon of the Gunnison National Park,Bryce Canyon National Park,Canyonlands National Park,Capitol Reef National Park,Carlsbad Caverns National Park,Channel Islands National Park,Congaree National Park,Crater Lake National Park,Cuyahoga Valley National Park,Death Valley National Park,Denali National Park,Dry Tortugas National Park,Everglades National Park,Gates of the Arctic National Park,Gateway Arch National Park,Glacier Bay National Park,Glacier National Park,Grand Canyon National Park,Grand Teton National Park,Great Basin National Park,Great Sand Dunes National Park,Great Smoky Mountains National Park,Guadalupe Mountains National Park,Haleakala National Park,Hawaii Volcanoes National Park,Hot Springs National Park,Indiana Dunes National Park,Isle Royale National Park,Joshua Tree National Park,Katmai National Park,Kenai Fjords National Park,Kings Canyon National Park,Kobuk Valley National Park,Lake Clark National Park,Lassen Volcanic National Park,Mammoth Cave National Park,Mesa Verde National Park,Mount Rainier National Park,National Park of American Samoa,New River Gorge National Park,North Cascades National Park,Olympic National Park,Petrified Forest National Park,Pinnacles National Park,Redwood National Park,Rocky Mountain National Park,Saguaro National Park,Sequoia National Park,Shenandoah National Park,Theodore Roosevelt National Park,Virgin Islands National Park,Voyageurs National Park,White Sands National Park,Wind Cave National Park,Wrangell-St. Elias National Park,Yellowstone National Park,Yosemite National Park,Zion National Park
2004-01-01,30,24,30,84,0,0,55,62,0,69,79,0,54,0,27,51,0,100,0,0,0,34,82,18,35,0,30,0,47,24,51,0,48,45,0,0,41,0,0,0,26,27,33,0,0,0,28,0,0,35,34,24,24,31,0,0,0,0,0,0,23,39,31
2004-02-01,27,26,30,76,47,0,49,58,0,0,67,0,33,0,28,58,0,64,0,0,0,35,78,21,36,0,54,0,35,42,32,0,29,60,51,0,44,0,0,0,45,32,36,0,0,0,44,0,0,30,32,39,30,30,0,64,0,0,0,0,22,44,30
2004-03-01,37,51,37,96,0,0,79,89,56,0,0,0,37,0,42,75,0,77,0,0,0,43,82,22,0,0,49,0,0,46,58,0,0,74,0,100,75,0,0,0,54,58,37,0,0,35,41,0,0,49,36,46,34,45,0,100,0,0,0,0,27,54,44
2004-04-01,36,38,30,75,49,0,87,75,40,78,88,0,58,0,29,80,0,61,0,0,72,46,88,24,63,0,34,0,0,0,64,0,43,65,65,0,76,0,0,39,0,68,40,0,0,28,62,81,0,50,44,23,39,55,0,0,0,0,0,0,29,65,44
2004-05-01,64,59,50,81,88,0,90,73,41,60,63,0,80,35,23,99,0,70,0,0,76,56,100,30,68,0,41,0,39,61,56,0,48,38,0,0,77,0,0,62,61,89,82,0,0,44,62,87,0,69,70,26,58,62,33,76,30,0,43,0,34,72,46
2004-06-01,79,37,39,43,57,0,64,34,33,0,60,0,90,31,15,100,0,41,0,0,0,72,76,34,63,0,38,0,39,31,54,24,59,28,0,0,71,0,0,64,78,81,69,0,0,52,79,0,0,49,94,0,56,67,47,0,0,0,53,0,30,68,43
2004-07-01,75,45,34,30,40,0,77,57,42,0,63,0,78,62,18,89,21,29,0,0,0,73,84,42,59,0,40,0,39,38,56,0,41,32,0,0,95,0,99,36,60,94,78,0,0,51,91,0,0,54,85,0,48,55,37,0,0,0,0,0,30,60,43
2004-08-01,72,23,38,40,0,0,60,39,0,0,66,0,45,35,26,80,0,26,0,0,0,58,65,27,34,0,18,0,0,19,44,0,35,24,0,66,76,0,0,58,49,47,49,0,0,46,83,69,0,39,67,0,41,64,46,0,51,0,0,0,23,53,38
2004-09-01,39,30,21,63,34,0,63,58,26,64,0,46,43,0,25,52,0,43,0,0,0,35,70,17,28,0,34,0,0,22,41,0,0,28,38,0,53,0,76,33,45,52,29,0,0,31,42,0,0,33,48,21,35,52,44,0,0,0,0,0,19,42,36
2004-10-01,23,26,25,51,43,0,41,42,0,0,48,0,39,36,31,31,0,46,0,0,51,28,57,12,0,26,24,0,0,53,30,0,24,41,0,0,35,0,0,0,38,23,29,0,0,0,22,0,0,26,35,34,26,64,34,45,0,0,42,0,18,41,30
2004-11-01,12,24,22,64,0,0,31,39,0,0,46,0,50,0,26,36,0,58,100,0,0,25,61,10,0,0,21,0,0,23,41,0,27,49,0,0,0,0,0,0,29,0,0,0,0,0,29,0,0,31,23,29,20,28,0,0,0,0,38,0,16,32,24
2004-12-01,15,17,26,58,53,0,39,30,0,69,53,0,31,25,27,41,28,80,0,0,0,25,60,12,0,0,20,0,26,27,27,0,0,40,0,0,30,0,90,0,28,22,36,0,0,0,21,54,0,25,23,28,16,20,29,0,0,0,0,0,16,30,24
2005-01-01,20,29,20,63,63,0,48,51,0,53,61,0,24,20,30,67,16,97,0,0,44,37,75,16,31,18,33,0,45,43,46,0,36,41,32,0,24,0,0,0,24,29,38,0,0,0,26,40,0,30,31,45,20,21,47,39,0,0,0,0,21,34,27
2005-02-01,24,31,19,72,96,0,55,44,0,50,48,0,33,0,39,60,16,86,0,0,54,38,76,20,25,0,38,0,60,54,50,0,22,50,0,0,39,0,0,34,36,40,34,0,0,27,36,63,0,41,29,32,28,20,0,63,32,19,41,0,21,44,30
2005-03-01,26,45,20,89,70,0,72,80,19,62,54,0,47,18,100,57,13,79,0,0,49,39,93,21,26,0,36,0,43,28,42,0,35,100,23,0,34,0,84,20,57,55,32,0,0,20,52,84,0,38,32,47,28,34,28,69,24,0,0,0,24,46,42
2005-04-01,37,42,35,89,50,0,78,72,33,90,71,0,49,28,41,68,16,61,0,0,100,44,77,24,29,30,42,0,75,35,40,0,45,68,0,0,59,0,0,22,47,76,36,0,0,17,48,65,0,53,40,26,37,50,59,54,0,0,38,0,30,54,40
2005-05-01,47,50,43,82,76,0,98,73,41,79,37,0,68,38,37,91,24,74,0,0,84,56,89,32,49,35,49,74,100,51,65,17,41,46,26,71,91,0,0,59,52,63,51,0,0,36,62,65,20,55,70,34,51,55,46,56,49,13,53,0,35,85,44
2005-06-01,63,47,37,42,42,0,91,50,30,0,77,0,85,41,19,81,15,39,0,0,82,68,84,35,51,27,40,0,24,26,56,25,31,32,0,0,87,0,0,65,51,73,55,0,0,28,64,76,0,56,76,0,56,55,54,0,39,0,51,0,36,74,44
2005-07-01,69,29,33,33,0,0,69,53,24,87,49,0,67,41,16,88,21,24,0,0,66,66,70,30,47,35,35,0,0,31,45,0,0,22,26,61,100,0,0,40,63,68,77,0,0,45,75,55,0,42,81,17,50,57,36,56,31,0,37,0,28,57,37
2005-08-01,57,32,26,44,47,0,47,38,38,0,68,0,52,37,16,79,14,32,0,0,51,53,63,26,41,30,31,0,23,15,40,0,18,40,23,0,78,0,58,37,40,51,69,0,0,41,62,45,0,45,86,0,43,48,0,41,0,13,0,0,24,53,35
2005-09-01,30,24,19,44,38,0,41,37,26,37,33,21,34,22,15,35,13,33,0,0,37,33,50,15,37,29,26,0,0,29,40,0,0,30,0,0,44,0,0,24,31,36,28,0,0,12,31,0,0,33,46,17,27,48,40,50,16,0,0,0,15,38,28
2005-10-01,22,24,18,45,40,0,36,35,26,40,49,0,26,23,25,40,18,68,0,0,33,23,53,11,24,22,28,0,0,24,32,0,15,38,0,0,73,0,0,0,29,31,24,0,0,18,25,31,0,32,34,20,23,52,26,46,0,0,0,0,15,38,25
2005-11-01,15,20,17,49,43,0,31,43,0,46,39,0,20,22,26,30,16,72,0,0,43,25,56,10,33,0,24,0,25,31,47,0,0,47,20,0,37,0,0,18,27,31,16,0,0,0,22,45,0,29,20,25,21,34,96,33,0,0,0,0,15,27,20
2005-12-01,16,15,7,54,46,0,32,23,0,55,39,0,28,0,23,34,10,64,0,0,34,20,42,9,20,0,24,0,23,49,26,0,15,39,0,0,33,0,44,30,30,29,19,0,0,0,21,29,0,27,20,14,18,15,0,31,0,13,0,0,12,28,20
2006-01-01,21,24,15,61,43,0,50,38,17,45,49,0,28,25,29,51,14,64,0,0,50,31,69,19,25,13,32,38,27,30,38,0,15,46,34,36,27,0,0,24,28,53,0,0,0,19,29,88,0,21,27,40,20,18,0,63,0,22,28,0,19,32,24
2006-02-01,19,30,19,53,50,0,45,46,25,0,53,0,33,17,23,49,14,50,0,0,34,28,62,16,21,0,41,32,36,22,42,0,19,41,71,0,32,0,0,0,34,46,28,0,0,22,27,40,0,30,25,29,26,23,24,58,19,0,0,0,18,35,27
2006-03-01,23,36,26,67,63,0,60,67,29,61,42,28,36,22,26,53,12,64,0,0,61,31,69,18,35,14,37,27,32,33,40,0,15,55,38,0,43,0,0,24,42,50,20,0,0,18,35,38,12,38,31,37,27,27,23,44,0,11,23,0,21,39,34
2006-04-01,32,43,28,50,44,0,60,54,29,73,42,0,45,24,25,65,8,51,0,0,56,38,75,21,50,19,36,38,32,22,44,0,29,46,33,40,40,0,0,18,47,76,25,0,0,21,38,73,0,36,41,32,29,40,37,31,0,0,30,0,25,48,38
2006-05-01,43,36,37,63,29,0,67,49,47,52,47,0,52,30,18,84,21,50,49,0,64,44,75,24,56,18,40,32,39,33,58,11,20,35,28,49,78,0,35,36,48,75,35,0,0,33,59,61,0,59,53,29,38,51,46,50,14,9,31,0,28,62,39
2006-06-01,50,34,31,34,24,0,67,44,21,42,73,20,60,45,9,78,9,27,0,0,50,57,68,26,56,27,39,24,31,21,58,12,19,28,0,0,80,0,0,28,51,100,55,0,0,48,65,48,11,51,68,22,44,46,37,0,32,0,38,0,30,56,39
2006-07-01,55,33,30,38,32,0,66,37,22,43,44,25,53,36,9,80,16,20,0,0,53,63,67,28,45,29,33,0,31,15,45,0,28,20,22,31,82,0,0,41,30,85,64,0,0,36,72,28,0,52,67,11,43,49,28,0,17,9,40,0,26,49,36
2006-08-01,46,33,24,31,28,0,62,28,24,41,41,24,52,24,10,63,8,31,0,0,43,51,54,23,44,21,31,28,19,19,36,16,24,24,27,35,61,0,53,34,38,59,42,0,0,44,59,44,0,40,57,11,38,45,0,0,14,0,21,0,21,46,33
2006-09-01,27,26,15,37,35,0,49,42,19,53,48,17,40,33,13,52,10,37,0,0,41,27,54,17,33,16,32,21,19,16,35,15,20,30,22,0,54,0,0,17,20,52,37,0,0,20,35,37,0,34,47,21,32,44,47,24,0,0,19,0,19,35,28
2006-10-01,20,25,19,46,41,0,41,40,11,40,19,17,27,26,19,60,14,46,0,0,39,19,53,13,29,0,37,31,32,27,34,0,0,40,15,0,33,0,0,11,38,42,23,0,0,13,23,32,0,25,28,29,23,55,31,25,0,8,15,0,15,28,27
2006-11-01,13,18,17,57,32,52,33,32,18,28,44,0,23,15,20,30,16,55,0,0,37,19,46,8,17,19,22,26,32,19,34,0,19,42,14,0,38,0,0,23,28,29,32,0,0,0,19,30,9,21,17,19,20,25,52,19,0,0,17,0,13,24,20
2006-12-01,11,14,10,49,53,0,32,22,13,45,35,0,18,13,26,34,10,58,0,0,0,20,51,11,27,0,25,0,28,17,26,0,12,42,15,0,31,0,0,13,22,36,17,0,0,9,17,49,0,17,17,26,19,15,0,23,0,0,0,0,14,23,19
2007-01-01,15,22,21,55,43,0,40,39,16,49,32,0,28,24,24,51,15,74,0,0,38,31,62,16,20,0,32,24,33,23,33,0,15,40,20,40,28,0,39,19,24,29,25,0,0,12,23,44,0,30,24,25,22,16,18,25,16,0,29,0,21,30,22
2007-02-01,16,24,19,58,41,0,39,33,17,27,40,17,24,19,25,46,15,57,43,0,46,27,58,17,26,12,46,0,27,28,41,0,22,45,20,0,36,100,29,18,24,34,20,0,0,12,24,47,0,32,22,24,25,23,22,30,0,0,24,0,19,29,26
2007-03-01,23,39,20,63,33,0,61,68,23,58,46,19,34,24,24,54,11,58,0,0,39,32,79,17,32,15,45,19,36,21,39,0,27,49,19,34,38,0,0,24,40,57,14,0,0,11,34,50,11,40,29,35,32,29,26,23,11,7,31,0,22,37,35
2007-04-01,26,36,24,44,40,0,62,55,31,63,43,25,36,23,21,56,9,53,0,0,45,36,71,23,38,18,37,24,33,26,46,8,32,45,27,38,51,0,37,27,38,65,27,0,0,18,38,65,0,41,33,26,34,39,27,28,17,0,30,0,24,43,38
2007-05-01,42,50,36,73,44,0,66,61,24,71,51,18,56,38,19,63,16,52,0,0,70,45,80,29,53,30,45,27,36,35,57,9,28,30,22,0,56,0,0,43,40,76,42,0,0,29,54,59,0,55,51,19,43,47,57,24,27,0,39,0,31,50,38
2007-06-01,46,32,30,36,30,36,66,39,20,51,53,13,55,95,13,80,12,34,0,0,38,58,69,31,40,39,42,0,30,31,50,12,27,23,42,36,88,0,0,41,35,79,51,0,0,29,57,47,8,60,65,20,44,41,40,20,18,10,41,0,29,49,36
2007-07-01,51,30,38,30,29,45,64,43,18,51,52,16,62,44,15,73,11,29,0,0,41,60,65,35,42,24,36,22,22,20,45,7,46,21,25,38,86,0,0,52,39,67,42,0,0,36,63,66,7,57,67,12,48,46,29,18,23,8,34,34,29,42,35
2007-08-01,47,24,25,32,32,0,52,34,20,36,39,9,48,29,12,62,7,28,0,0,35,46,54,25,42,13,37,32,27,23,34,10,24,24,31,35,77,0,0,45,27,51,41,0,0,30,50,30,0,42,51,9,41,49,40,0,27,5,25,0,24,35,28
2007-09-01,29,27,23,43,37,0,53,34,22,35,42,12,32,35,15,42,8,33,0,0,37,28,51,15,32,16,33,29,35,23,32,6,18,27,21,21,38,0,23,29,21,36,23,0,0,21,30,33,0,33,41,19,27,47,22,21,10,0,18,0,18,31,26
2007-10-01,21,23,14,41,34,0,38,34,13,43,41,18,25,33,21,30,8,38,0,0,39,18,54,11,27,17,26,27,24,17,34,0,12,32,12,0,30,0,0,23,25,35,16,0,0,10,22,44,0,29,26,26,22,56,44,18,9,7,0,0,15,26,24
2007-11-01,13,21,14,42,38,0,31,29,9,37,26,12,22,16,22,29,12,50,0,0,31,18,46,11,19,8,25,37,25,23,34,0,13,35,0,18,28,0,0,15,18,30,9,0,0,8,19,46,0,22,17,21,22,29,17,23,0,6,10,0,14,22,19
2007-12-01,10,16,13,42,47,0,27,25,16,42,39,9,23,17,23,33,11,64,0,0,26,20,43,10,21,10,19,33,21,20,30,0,12,38,19,20,27,0,24,9,15,26,16,0,0,10,17,33,0,21,17,22,19,14,13,0,8,7,13,0,14,23,17
2008-01-01,16,20,16,48,37,25,44,34,17,43,35,9,29,17,21,45,16,58,0,0,32,29,57,15,22,17,23,26,42,26,31,0,15,34,20,20,29,0,0,17,20,34,16,0,0,9,21,34,0,31,23,32,23,18,14,23,9,7,20,0,20,35,20
2008-02-01,16,22,18,52,31,0,42,39,18,38,27,14,31,20,25,44,18,55,0,0,53,25,62,15,23,16,23,20,31,27,35,0,16,38,14,29,32,75,35,16,19,47,24,0,0,11,25,43,0,28,21,32,26,20,24,29,8,5,22,0,19,33,21
2008-03-01,18,36,19,57,57,27,60,62,26,67,48,17,28,15,32,49,14,56,0,0,40,26,74,16,18,20,31,20,23,44,41,6,17,58,21,38,36,0,23,20,36,54,19,0,0,16,27,56,12,37,25,38,29,34,43,18,12,6,22,0,20,40,33
2008-04-01,26,33,20,41,48,26,59,48,20,54,53,17,31,25,22,57,10,43,29,0,51,33,66,15,33,24,35,33,30,39,46,0,27,40,15,34,50,0,24,20,45,56,24,0,0,10,33,68,9,38,29,23,31,37,29,27,19,12,24,0,23,45,32
2008-05-01,31,40,33,39,47,0,65,55,25,67,54,16,41,36,18,68,8,41,0,0,42,40,70,22,37,37,33,0,32,34,52,8,23,28,22,39,59,0,23,29,52,66,31,0,8,22,44,67,13,49,44,19,37,48,33,24,19,12,24,0,25,51,33
2008-06-01,38,29,29,25,30,0,45,36,24,69,49,14,47,31,12,82,12,24,0,0,41,48,48,25,36,30,32,22,20,17,43,9,19,19,0,27,63,0,21,39,33,58,30,0,0,28,49,41,8,42,53,13,40,43,33,12,15,8,34,0,23,38,30
2008-07-01,45,27,27,33,42,44,49,40,27,36,30,12,40,26,14,71,10,23,0,0,66,54,50,26,39,27,29,28,19,20,42,16,27,18,22,33,63,0,28,39,38,51,45,0,0,29,52,26,8,41,62,13,46,48,21,12,17,6,31,30,26,43,28
2008-08-01,40,100,23,32,34,24,46,28,19,29,42,8,36,34,11,57,6,22,0,0,28,40,48,22,34,22,28,24,24,13,41,13,25,18,12,32,49,0,0,33,30,35,32,0,0,28,49,42,7,35,47,17,38,49,25,0,13,5,20,0,19,28,26
2008-09-01,22,28,19,39,28,0,36,29,19,36,36,14,25,30,12,38,9,25,0,0,40,26,33,16,26,19,41,23,12,15,38,7,13,23,16,20,26,0,20,17,36,29,21,0,0,13,28,18,5,33,33,19,28,46,20,16,8,4,15,0,18,27,24
2008-10-01,17,24,15,45,27,21,30,30,17,39,37,13,15,29,13,29,5,34,0,0,26,18,34,9,20,16,49,29,17,21,33,0,11,31,9,15,31,0,0,10,33,28,15,0,0,10,18,30,5,26,24,17,23,75,16,18,8,6,20,0,13,23,21
2008-11-01,10,24,13,45,29,0,24,31,13,28,37,17,15,14,16,24,8,48,0,0,20,16,33,10,19,15,32,26,18,21,31,0,9,36,0,22,23,0,0,9,21,20,22,0,0,9,17,34,5,26,15,24,23,34,27,17,8,4,12,0,12,18,17
2008-12-01,10,19,17,46,38,0,26,22,19,25,32,9,15,13,20,20,5,57,0,0,13,17,32,9,16,13,32,29,17,21,30,0,13,34,20,0,23,0,37,13,17,20,18,0,0,7,14,34,0,26,15,26,20,16,17,14,6,5,10,0,14,17,16
2009-01-01,14,21,19,53,51,0,29,35,14,38,43,21,22,21,17,33,6,50,0,0,44,25,41,16,20,14,30,26,18,27,36,0,15,39,18,34,21,0,26,14,17,24,23,0,0,10,20,34,4,34,20,27,23,23,31,21,11,5,18,22,22,20,19
2009-02-01,16,26,20,55,44,0,31,36,20,35,38,16,24,18,21,36,6,51,0,0,46,24,48,14,16,19,44,35,20,29,43,0,15,44,15,22,25,0,0,10,18,26,18,0,0,10,25,43,0,35,21,30,23,26,19,26,11,5,18,36,18,23,20
2009-03-01,18,38,27,51,38,0,52,57,23,64,48,19,25,33,29,42,8,59,0,0,37,25,64,16,27,32,51,44,27,27,43,6,23,45,15,31,28,0,33,11,41,47,17,0,0,13,25,63,5,44,23,35,27,34,29,20,11,8,21,0,20,31,31
2009-04-01,21,35,23,39,47,0,54,56,31,37,52,21,35,31,25,43,9,50,19,0,35,29,61,18,30,21,57,36,34,30,44,7,15,39,15,22,37,0,18,17,34,48,21,0,0,13,30,45,8,43,26,29,34,41,24,18,14,7,28,0,23,43,36
2009-05-01,33,39,41,54,54,37,71,49,42,62,68,21,51,42,17,65,9,49,0,0,55,41,71,25,44,50,60,43,36,31,56,6,29,30,10,35,62,0,19,32,42,57,46,0,0,21,38,68,6,57,44,16,50,58,76,25,17,4,42,32,32,52,39
2009-06-01,46,34,40,39,23,32,65,50,24,49,74,14,57,38,17,77,6,37,0,0,63,53,70,35,38,60,76,42,41,21,67,8,34,27,13,38,78,0,30,30,54,71,53,0,0,29,54,72,0,68,59,17,55,59,39,18,20,7,51,24,35,54,40
2009-07-01,54,34,42,34,37,32,66,44,26,59,90,16,61,46,13,70,8,32,0,0,38,55,70,34,44,33,64,36,29,16,58,11,32,22,21,37,75,0,25,41,52,74,59,0,0,32,54,58,5,68,67,24,61,61,38,14,21,6,55,0,34,50,35
2009-08-01,68,30,33,35,32,0,52,45,26,48,75,7,57,56,15,57,10,30,0,0,42,46,60,27,46,23,63,39,27,17,55,9,29,27,12,24,57,0,21,31,39,53,51,0,0,33,49,74,4,51,48,13,50,56,39,19,17,7,30,29,28,48,32
2009-09-01,84,30,25,44,27,19,57,44,32,47,60,23,41,47,22,48,9,42,0,0,51,32,61,23,42,21,68,47,34,19,45,0,21,29,16,24,44,56,0,24,29,56,32,75,7,19,31,51,0,44,40,19,40,62,29,16,14,3,27,23,26,47,30
2009-10-01,24,34,21,53,53,19,53,46,26,71,51,25,38,44,30,41,10,61,0,0,33,26,60,18,32,20,79,58,33,24,39,0,21,33,14,19,54,70,30,17,28,44,24,0,0,13,24,66,0,50,31,21,35,80,35,25,15,5,37,0,21,41,29
2009-11-01,14,21,18,48,42,24,39,34,17,37,53,22,23,32,29,35,14,67,17,0,32,19,50,11,20,17,48,50,39,28,36,0,11,44,9,19,31,0,0,11,23,34,20,0,0,10,18,46,4,44,19,24,26,34,23,18,9,0,26,24,16,38,20
2009-12-01,11,17,13,45,47,0,42,27,17,39,52,16,19,16,32,32,13,78,0,0,39,19,45,10,11,14,49,45,48,24,31,0,15,45,0,18,32,0,0,15,18,29,15,0,0,10,17,47,0,32,14,23,25,20,18,23,9,3,19,20,16,35,16
2010-01-01,16,21,19,53,38,19,41,34,23,47,63,21,36,24,35,41,13,85,19,0,45,29,63,18,24,13,54,47,38,33,41,0,23,53,14,25,38,0,26,14,19,34,18,0,0,14,23,45,0,41,19,29,26,26,28,30,16,4,28,21,22,49,21
2010-02-01,18,24,21,51,43,0,47,37,27,72,59,18,29,20,35,40,12,79,19,0,48,25,57,16,24,19,53,50,37,36,47,0,28,58,13,26,44,0,0,23,27,43,19,0,0,12,27,56,6,43,20,33,30,23,30,44,16,4,23,0,23,49,23
2010-03-01,22,33,26,61,56,19,63,68,34,57,73,26,35,28,48,42,16,81,0,0,52,29,77,20,19,20,60,58,36,30,50,4,18,72,12,29,50,0,27,22,48,47,28,0,0,13,31,70,6,54,22,38,38,36,28,32,14,5,26,0,23,53,32
2010-04-01,29,35,28,39,73,50,64,56,55,55,100,50,36,36,34,48,11,66,24,0,29,36,72,19,60,27,59,49,35,28,54,4,47,58,14,22,52,0,32,26,39,56,34,55,0,23,32,65,6,53,26,30,36,48,36,22,18,6,39,100,22,58,35
2010-05-01,40,43,38,43,49,28,60,69,41,64,83,34,47,40,30,68,16,54,23,19,59,44,74,27,49,43,64,57,36,35,67,8,34,45,24,55,88,0,27,48,43,56,42,55,0,24,40,76,0,70,40,25,53,51,36,40,22,9,53,27,32,71,39
2010-06-01,56,39,43,33,39,30,60,50,30,44,71,19,45,42,17,79,7,39,0,0,56,51,54,29,43,65,59,42,36,23,59,7,28,36,19,45,92,0,15,72,41,69,48,0,0,22,45,50,4,67,58,15,57,52,37,17,28,8,51,40,37,73,37
2010-07-01,69,32,38,34,33,28,52,37,34,63,66,19,40,45,14,58,15,29,0,0,47,50,48,33,40,44,54,30,24,18,60,8,35,28,17,31,80,0,21,100,86,50,64,0,0,30,47,45,6,67,57,12,57,56,40,9,24,5,51,25,37,68,33
2010-08-01,60,30,24,25,28,0,39,39,28,20,59,16,38,39,13,59,14,29,0,0,34,40,42,26,34,33,42,23,27,17,40,6,19,35,23,31,66,0,19,70,47,37,47,0,0,27,41,30,5,54,42,16,49,54,29,16,19,4,31,17,26,52,30
2010-09-01,33,27,18,33,31,0,40,38,26,24,40,18,23,40,17,39,10,35,15,0,31,26,34,16,36,25,51,29,22,19,34,6,9,37,19,14,48,0,12,51,15,37,26,0,0,21,26,39,5,40,38,16,33,64,29,14,20,4,28,0,19,48,24
2010-10-01,21,21,16,32,30,0,32,36,27,25,47,18,20,39,21,28,11,42,13,0,33,19,30,11,26,22,54,41,27,28,35,0,9,40,7,10,37,0,13,33,20,25,21,0,0,15,19,29,5,32,28,20,26,79,28,12,11,0,18,0,16,43,22
2010-11-01,11,18,12,33,34,0,25,27,14,24,40,15,15,17,22,29,10,48,17,0,31,17,30,10,17,13,39,35,26,27,29,0,9,42,8,19,26,0,0,25,13,22,15,0,0,7,14,31,0,28,17,21,22,39,22,11,9,3,14,0,14,45,16
2010-12-01,10,15,13,34,36,0,20,24,11,25,36,12,20,15,24,27,15,54,13,0,27,17,29,8,13,14,34,27,22,20,28,0,9,42,14,19,27,0,23,17,11,20,13,0,0,6,11,30,3,26,15,20,21,24,17,15,13,3,15,0,14,33,15
2011-01-01,16,21,17,42,52,0,31,35,20,33,46,18,22,19,25,41,16,70,13,0,34,25,47,16,21,19,41,33,30,27,37,0,15,47,15,23,33,31,15,31,17,25,18,0,0,11,19,27,5,39,20,26,26,27,30,22,13,3,19,19,23,42,19
2011-02-01,17,23,27,40,56,0,34,46,18,30,63,20,17,15,26,37,19,68,17,0,33,24,42,14,18,16,40,41,29,28,36,4,12,42,11,26,31,0,24,27,19,31,18,0,0,9,19,35,4,39,18,27,26,26,33,27,10,3,18,18,18,37,22
2011-03-01,19,33,21,39,45,11,41,58,30,45,52,25,21,22,28,38,22,63,0,0,39,23,45,13,23,21,40,36,29,46,39,4,14,40,10,26,25,26,23,30,27,35,19,0,0,10,20,27,4,47,20,31,30,27,56,24,18,4,23,20,19,36,29
2011-04-01,24,39,24,35,58,16,50,62,38,41,59,29,26,34,28,41,19,53,10,9,36,26,48,15,35,28,41,42,31,20,43,0,15,41,18,29,41,0,0,33,25,39,22,0,0,12,25,44,6,45,25,25,37,42,26,15,17,4,24,17,22,34,34
2011-05-01,34,42,37,34,54,18,52,64,35,53,68,23,33,42,21,58,18,49,15,0,33,29,50,20,45,40,47,41,35,25,51,5,18,32,12,51,53,0,22,48,34,57,39,37,0,18,39,42,8,52,37,25,46,50,39,15,18,6,37,0,29,41,35
2011-06-01,49,38,44,29,43,27,53,50,30,47,61,22,46,50,17,72,16,41,0,0,44,47,51,29,46,44,50,34,32,19,57,11,19,26,14,48,68,0,21,72,34,57,47,0,0,23,42,40,6,57,61,18,58,49,45,9,27,5,43,0,30,46,37
2011-07-01,60,38,45,29,49,21,53,46,27,31,62,17,45,49,16,65,23,38,10,0,48,68,52,34,55,38,45,25,34,18,53,6,19,22,13,48,62,0,20,74,36,51,60,0,0,26,57,38,4,62,59,15,63,51,42,13,27,4,40,0,35,51,36
2011-08-01,52,30,35,22,42,21,43,38,28,27,50,20,37,40,19,52,13,32,0,0,42,42,36,26,38,30,43,21,31,23,39,5,17,27,7,28,49,0,17,61,22,40,52,0,0,26,49,36,4,49,52,15,52,49,38,13,25,2,30,19,24,41,33
2011-09-01,32,30,27,32,42,14,40,45,31,28,43,27,26,38,19,39,10,33,10,9,34,35,35,18,36,23,42,30,32,18,35,4,10,23,8,20,36,0,12,45,15,34,31,0,4,16,35,36,5,37,43,16,40,48,30,12,20,3,22,0,19,27,28
2011-10-01,23,24,17,32,43,12,36,33,22,21,38,19,17,37,15,26,10,39,17,0,26,21,29,10,34,18,46,33,29,21,31,0,10,29,8,16,23,0,10,24,20,27,16,0,0,10,20,25,3,27,30,24,30,83,19,15,10,3,13,0,13,24,24
2011-11-01,12,18,13,36,53,0,23,30,18,25,39,19,13,31,18,27,17,51,9,0,30,16,29,10,19,14,33,34,29,21,26,0,7,29,10,11,19,0,14,17,14,19,8,0,0,8,16,29,4,29,22,26,25,49,18,17,11,3,15,0,12,19,19
2011-12-01,11,17,13,37,54,0,24,27,15,26,39,17,16,18,20,25,12,63,10,0,28,16,27,9,17,12,27,36,29,25,24,0,8,31,10,18,19,0,29,19,14,18,12,0,0,7,13,23,3,28,19,25,25,31,17,16,9,3,12,0,14,19,17
2012-01-01,16,22,20,44,63,9,30,38,19,23,48,26,18,22,21,34,16,78,10,0,34,24,38,13,22,18,32,44,43,29,29,3,11,33,10,29,25,25,23,27,15,27,49,0,0,10,16,30,4,35,22,27,28,31,19,19,14,4,16,0,20,25,22
2012-02-01,16,26,20,56,57,0,36,39,25,31,47,21,23,20,25,34,18,73,13,0,38,22,39,14,22,17,33,32,38,27,33,0,17,37,11,28,26,0,14,19,18,27,18,0,0,9,18,32,4,34,22,27,28,23,26,18,14,5,15,0,20,28,24
2012-03-01,20,30,23,49,58,12,41,57,31,30,50,21,19,28,25,35,9,62,9,0,31,21,43,13,31,25,40,42,36,31,36,3,14,42,11,19,26,0,14,26,22,36,21,0,3,10,18,40,6,37,23,28,32,34,20,20,17,4,20,0,20,27,30
2012-04-01,26,38,27,37,55,17,51,57,40,29,59,33,29,33,25,40,9,55,9,0,49,25,42,17,33,29,43,38,37,29,42,3,21,39,12,22,39,0,23,36,26,41,24,0,0,13,24,42,5,49,28,32,39,42,25,18,13,2,29,0,23,31,37
2012-05-01,47,40,40,38,48,21,51,59,47,43,62,23,35,46,22,58,10,51,7,0,43,31,45,25,42,42,50,45,39,29,47,7,20,27,13,42,56,0,32,63,28,53,38,0,3,18,31,39,3,51,41,21,50,52,32,21,21,6,32,0,29,36,34
2012-06-01,45,38,44,30,43,24,47,55,35,31,55,20,40,47,17,66,5,39,9,0,33,45,49,31,44,43,46,33,38,17,50,8,18,21,16,38,54,0,23,65,31,51,45,0,3,21,37,43,4,53,52,16,56,59,36,16,23,5,42,0,35,35,36
2012-07-01,54,38,47,30,46,25,50,46,38,28,62,19,41,45,17,65,7,41,13,0,54,54,45,31,62,33,60,24,36,18,46,8,23,21,35,36,55,0,22,61,29,42,55,0,5,30,55,48,5,59,46,14,53,56,39,14,23,4,43,0,31,35,35
2012-08-01,58,30,34,29,35,0,46,42,31,21,55,16,35,48,18,78,7,34,0,0,33,43,37,26,42,27,42,29,37,15,40,8,19,22,24,26,51,0,20,42,23,41,45,0,3,33,46,32,6,50,42,13,47,53,33,13,19,5,37,10,25,35,33
2012-09-01,39,30,28,31,30,12,41,52,42,24,39,19,32,40,21,45,11,28,9,0,40,28,35,17,37,22,50,33,34,23,35,3,11,20,16,23,32,0,17,25,16,28,29,0,0,20,26,32,3,34,33,14,28,43,29,10,16,4,27,0,21,32,29
2012-10-01,19,23,18,34,31,13,32,40,28,23,45,19,21,29,18,25,11,31,8,0,30,22,28,11,29,16,61,33,31,28,27,2,11,25,11,11,24,22,14,19,15,23,13,0,3,12,15,35,4,24,25,17,18,47,22,10,9,4,14,12,14,19,26
2012-11-01,16,18,13,36,31,12,22,31,17,26,31,16,17,17,21,25,12,39,9,0,27,16,25,8,17,16,38,33,34,27,23,2,7,29,10,14,18,0,9,19,13,18,12,0,0,7,12,28,3,24,13,19,21,17,18,16,9,4,11,0,12,17,19
2012-12-01,10,16,14,38,43,0,24,26,15,22,34,17,19,15,22,25,16,57,10,0,28,17,27,10,14,12,32,28,37,26,23,0,10,32,10,18,22,0,18,14,11,16,13,0,0,7,13,28,3,25,16,20,23,15,18,13,8,4,12,0,15,17,18
2013-01-01,16,22,18,48,44,9,30,31,18,27,32,18,19,17,22,33,21,66,0,0,31,20,35,15,17,14,46,28,38,29,31,0,16,43,10,24,28,0,19,12,15,24,16,0,3,9,17,28,16,31,18,23,23,20,18,21,14,3,17,0,19,21,20
2013-02-01,16,24,19,51,51,13,33,43,22,35,36,19,23,20,24,34,21,54,9,0,32,20,34,13,20,15,41,20,32,30,32,2,13,38,11,24,29,0,14,17,19,26,19,0,0,10,20,25,40,31,19,28,23,20,20,16,12,5,22,0,18,23,24
2013-03-01,18,37,22,54,46,17,47,63,47,39,42,30,25,24,29,32,15,50,6,0,35,22,42,14,25,21,60,25,37,31,39,3,14,44,12,31,39,0,20,29,24,33,22,0,0,14,22,43,22,42,20,31,27,31,23,20,13,6,20,0,20,25,38
2013-04-01,31,39,28,41,41,23,56,63,50,35,51,27,23,30,22,40,16,38,10,0,32,23,41,17,30,32,51,30,36,26,35,4,15,41,13,35,40,0,25,35,28,38,23,22,3,14,23,38,25,40,23,25,32,34,28,18,12,5,25,10,21,28,35
2013-05-01,40,38,37,44,51,36,58,71,47,40,60,26,33,42,20,56,21,42,14,0,40,30,44,26,41,44,57,37,40,34,48,5,21,27,14,50,60,19,24,36,36,48,34,0,3,22,36,49,50,58,36,19,44,43,38,19,22,7,40,8,29,35,38
2013-06-01,48,40,50,36,33,42,60,60,45,38,67,25,41,45,26,68,21,35,13,0,43,51,46,34,50,36,53,27,36,20,53,7,26,23,19,51,74,20,29,82,33,56,38,0,3,25,39,37,54,67,53,17,51,50,38,16,25,8,49,11,32,38,38
2013-07-01,60,40,48,34,35,29,58,58,37,38,58,19,41,44,25,68,21,29,10,0,45,53,52,34,47,32,58,24,41,17,53,13,22,20,53,56,69,0,20,89,36,48,48,0,3,31,49,42,44,68,44,12,49,50,42,7,25,6,50,18,30,32,38
2013-08-01,54,40,44,35,32,25,54,53,36,32,51,17,43,41,16,58,17,24,15,0,44,47,44,29,44,28,52,28,37,18,49,4,16,24,20,49,61,0,20,59,27,41,42,0,0,30,44,33,37,57,39,14,48,50,36,13,22,3,36,14,26,49,37
2013-09-01,34,35,28,37,29,27,46,55,37,29,37,20,29,44,15,36,14,27,9,0,35,32,36,20,42,22,53,35,31,22,37,2,12,21,15,24,42,0,16,26,19,42,25,20,3,18,23,38,29,34,37,16,29,41,30,12,15,4,64,0,19,27,31
2013-10-01,31,30,21,40,46,17,36,43,30,23,35,23,27,42,24,24,17,45,11,7,35,19,48,12,26,16,100,32,49,29,35,3,14,35,14,27,30,0,11,17,20,31,18,0,5,12,18,39,25,28,20,18,25,62,25,15,8,4,16,0,16,100,27
2013-11-01,11,24,15,40,32,7,31,34,20,29,35,20,30,19,25,25,16,49,9,7,30,18,31,9,22,15,44,31,34,26,34,0,14,43,9,19,26,19,11,22,23,31,16,0,0,8,15,50,34,30,14,21,22,32,21,11,7,2,13,0,12,25,23
2013-12-01,11,22,15,42,40,13,25,32,17,31,34,16,32,16,29,24,22,68,10,0,28,17,47,10,18,14,35,20,40,26,31,2,15,37,9,22,26,19,23,21,16,24,18,0,0,7,14,38,40,27,14,22,22,17,20,14,9,6,14,0,13,25,20
2014-01-01,15,28,20,44,41,10,36,46,24,32,42,18,34,18,27,36,25,62,11,0,35,22,60,15,21,15,45,20,38,31,36,3,17,39,12,30,30,0,19,15,18,31,20,0,0,10,20,38,54,35,18,27,26,20,22,19,11,3,20,11,19,31,23
2014-02-01,16,32,20,46,40,10,37,46,29,29,41,23,19,18,27,31,21,49,17,0,31,23,40,15,24,20,47,25,36,28,36,3,14,39,10,33,29,19,17,13,25,30,22,0,0,8,24,34,38,35,15,27,25,16,24,17,10,5,21,0,18,31,26
2014-03-01,19,41,25,59,48,21,54,65,51,40,83,25,23,24,28,34,18,52,10,0,28,23,44,15,30,31,56,42,40,30,48,3,16,43,12,37,39,0,22,24,29,39,21,0,0,13,25,53,49,48,20,30,37,26,27,12,10,6,20,0,18,39,35
2014-04-01,26,43,31,44,43,20,61,67,67,35,63,59,29,31,29,38,20,46,14,0,39,27,45,17,37,32,59,37,43,26,49,3,17,38,28,35,49,28,18,34,29,44,25,22,2,13,27,46,52,46,24,23,38,39,33,17,16,5,26,0,34,49,42
2014-05-01,39,48,44,46,43,31,68,73,66,43,75,32,42,43,25,58,21,43,18,7,48,35,51,26,52,49,66,43,46,30,57,6,18,29,21,51,61,27,27,41,33,61,36,23,2,20,37,56,49,59,37,23,50,52,40,16,20,6,34,0,25,52,41
2014-06-01,51,47,53,37,34,28,66,65,53,36,56,21,43,42,20,71,16,32,13,10,47,52,48,34,48,56,68,23,40,22,56,7,19,24,17,41,63,0,24,54,32,67,49,0,3,25,46,42,43,73,52,15,57,46,41,16,27,4,50,0,25,56,43
2014-07-01,61,45,54,38,39,29,58,63,54,34,61,21,47,47,21,63,14,33,10,0,42,56,49,37,53,52,71,29,41,20,63,8,23,36,33,44,66,20,32,63,31,62,59,0,3,35,54,45,39,68,57,12,61,50,47,16,29,5,55,0,32,61,42
2014-08-01,54,40,42,39,34,25,48,54,41,27,47,19,37,51,21,49,14,32,10,0,36,48,40,27,43,38,56,30,41,21,48,6,19,35,15,33,66,0,32,49,28,47,52,0,4,29,51,35,38,54,44,17,54,54,37,13,24,6,39,9,28,41,37
2014-09-01,37,33,28,40,30,16,46,54,42,27,38,19,28,36,22,35,11,34,10,0,31,28,49,20,43,31,71,31,40,37,37,3,12,32,15,22,38,25,19,41,16,39,33,0,3,18,30,32,29,40,36,16,38,44,31,12,13,3,28,0,18,33,33
2014-10-01,23,32,22,41,29,0,36,46,35,29,32,20,30,37,21,23,9,40,11,0,30,18,44,12,32,23,80,39,31,39,35,2,11,39,13,22,29,0,18,31,20,29,22,0,4,13,19,43,29,30,27,18,30,66,29,14,9,4,16,0,14,29,29
2014-11-01,11,24,17,44,35,12,29,33,20,27,33,16,26,19,27,24,15,47,0,0,24,18,41,10,24,18,48,35,34,29,34,0,9,43,11,19,29,0,14,24,14,26,19,0,0,9,16,39,36,31,16,20,30,24,20,15,11,5,10,0,11,30,26
2014-12-01,11,24,21,47,43,0,31,34,21,45,35,16,29,15,30,22,24,70,13,0,24,18,46,13,19,21,43,44,40,22,32,0,14,54,13,20,29,0,17,22,21,28,18,0,0,8,16,32,30,30,16,26,29,20,23,13,11,6,11,0,12,29,23
2015-01-01,18,30,29,67,40,14,39,45,32,56,38,26,33,18,29,33,35,66,14,0,37,25,57,19,100,23,53,42,44,25,36,3,20,50,13,24,31,21,21,28,29,41,23,0,0,11,21,38,41,38,21,32,34,23,32,18,14,6,20,0,19,42,27
2015-02-01,17,32,30,65,42,19,42,53,35,58,38,32,36,17,31,31,31,63,13,0,26,21,62,17,27,28,56,43,38,22,37,0,17,51,14,23,40,0,23,29,25,42,22,0,0,13,24,41,47,44,19,30,34,22,30,13,15,5,20,0,19,36,32
2015-03-01,23,51,29,71,51,25,62,75,67,43,47,37,33,26,29,33,24,52,14,6,44,27,56,20,34,42,61,40,43,23,48,0,16,50,17,30,43,0,27,28,32,60,24,35,0,16,29,51,51,51,25,33,42,31,29,21,15,7,22,36,22,33,50
2015-04-01,30,50,34,56,41,30,66,76,67,39,58,35,33,39,25,40,18,45,10,0,45,28,46,23,43,45,55,35,43,31,49,3,22,39,19,35,45,0,24,44,30,37,24,0,3,19,34,43,47,50,30,28,44,39,35,22,20,7,33,0,25,31,50
2015-05-01,43,57,49,58,43,49,75,72,64,49,60,33,46,45,27,53,18,37,11,0,48,37,54,25,59,64,62,37,45,46,61,4,26,33,19,55,65,29,19,56,36,56,35,44,0,25,44,51,46,56,42,25,47,49,45,19,26,6,42,0,26,36,55
2015-06-01,51,54,58,44,35,59,74,67,47,39,51,23,54,48,20,62,17,29,13,0,40,53,50,27,47,67,70,35,43,22,62,7,21,27,16,56,68,0,28,44,36,62,42,0,4,28,54,47,34,61,49,16,60,45,54,15,25,6,51,17,24,35,53
2015-07-01,61,54,58,47,36,31,73,64,53,41,54,22,48,58,21,62,21,28,13,0,44,90,54,30,59,51,66,32,42,17,58,8,28,28,41,52,67,0,26,72,31,56,48,0,4,42,59,54,40,66,57,17,66,50,55,14,26,7,52,0,25,40,57
2015-08-01,60,46,48,43,36,30,65,67,48,39,58,27,48,52,19,62,19,26,12,10,50,60,46,27,59,53,53,36,42,20,55,4,24,33,32,41,69,0,26,63,26,49,45,0,3,34,53,41,36,56,55,16,50,48,45,13,24,10,44,10,23,35,50
2015-09-01,41,42,36,47,26,35,62,62,51,33,39,25,30,41,19,47,15,30,14,7,40,35,41,20,58,33,60,26,29,24,45,4,16,32,22,34,51,28,25,46,21,46,25,0,3,20,35,34,30,37,44,16,41,45,36,13,16,6,24,0,18,29,61
2015-10-01,25,32,22,43,30,23,45,46,36,31,35,24,28,40,27,24,14,32,11,0,32,20,38,13,38,28,58,33,30,27,41,2,14,34,16,19,32,18,17,23,21,31,20,0,0,13,22,38,28,34,29,20,33,49,31,12,10,6,21,0,14,25,35
2015-11-01,14,27,19,47,31,22,33,34,22,33,41,18,29,20,27,23,13,38,15,0,27,19,32,11,23,11,31,39,34,27,39,2,8,39,11,20,25,0,26,15,16,21,19,0,4,9,20,46,27,32,19,24,33,22,25,15,10,5,15,0,11,22,28
2015-12-01,15,25,20,53,41,11,36,32,23,34,32,21,32,19,31,27,17,46,13,0,28,21,36,11,21,21,37,41,37,24,37,2,14,45,10,22,25,0,18,17,17,21,18,0,0,15,25,55,28,34,16,26,34,18,23,18,10,6,15,0,12,25,27
2016-01-01,18,28,23,56,41,16,39,41,26,33,45,20,31,19,27,32,22,49,12,0,32,26,41,14,25,25,37,35,31,19,41,1,14,43,13,25,34,0,18,25,16,27,21,0,0,15,24,39,36,36,20,33,35,17,35,16,16,4,13,0,15,28,30
2016-02-01,26,34,23,64,47,21,50,47,34,31,43,25,28,26,48,27,19,44,15,5,30,24,44,15,30,21,39,36,24,21,41,2,14,43,11,26,33,15,14,30,25,29,20,17,0,13,26,41,51,37,21,32,31,21,34,16,13,9,17,7,15,27,41
2016-03-01,26,54,32,69,42,35,75,70,58,41,52,29,33,33,53,33,17,50,14,5,26,27,47,15,33,30,41,42,24,25,60,4,18,60,12,37,37,20,25,27,29,43,24,21,2,16,31,53,50,48,27,38,42,39,33,13,14,8,25,9,16,36,61
2016-04-01,35,54,36,58,52,45,69,73,54,48,64,37,38,42,23,40,16,39,14,7,45,33,44,18,44,36,42,46,33,27,54,3,25,51,19,43,51,26,24,29,29,47,29,19,3,18,38,52,58,54,30,29,50,79,46,18,21,6,28,9,18,40,54
2016-05-01,50,62,56,56,61,34,81,81,56,62,84,44,55,56,24,58,21,43,17,7,50,43,51,25,54,55,51,50,47,28,70,6,26,46,20,46,63,38,27,41,38,54,45,20,3,30,51,67,59,68,41,25,68,49,58,20,27,31,40,17,23,46,64
2016-06-01,62,57,66,49,38,50,72,68,51,52,67,33,58,67,20,65,36,30,10,7,44,59,48,31,56,58,50,31,32,21,73,8,31,35,23,56,60,16,25,90,36,53,50,0,3,33,58,44,45,68,60,28,62,47,61,12,26,7,49,0,25,50,62
2016-07-01,80,55,72,43,46,44,65,56,45,46,71,29,63,71,21,62,26,33,10,0,43,66,46,30,51,47,44,27,38,17,64,8,44,38,48,44,61,16,16,77,36,54,45,30,0,37,60,48,44,64,58,18,64,55,71,29,30,8,50,10,21,45,57
2016-08-01,65,47,46,46,40,64,63,50,43,29,69,31,49,56,21,51,31,26,19,0,43,57,40,28,61,42,42,35,36,11,54,7,30,46,23,45,56,35,22,44,31,42,39,28,2,37,62,47,40,54,48,27,55,53,69,19,31,6,41,19,19,36,55
2016-09-01,44,49,33,48,39,39,59,56,45,31,64,30,28,45,24,42,21,26,21,0,43,39,41,18,53,29,34,42,37,22,48,5,19,40,16,45,43,19,16,37,23,40,33,39,0,25,36,37,37,45,40,23,47,45,48,19,20,6,32,0,15,33,49
2016-10-01,31,38,24,48,43,24,50,50,40,36,56,25,31,44,25,32,22,34,17,0,40,24,40,12,38,23,49,49,32,25,50,4,14,41,18,24,37,14,26,37,21,31,22,0,3,17,24,47,38,36,31,25,38,58,40,21,10,7,18,0,12,26,43
2016-11-01,17,30,22,55,47,18,37,40,25,34,53,29,29,26,29,23,24,41,12,0,75,19,36,11,25,20,41,47,31,42,43,2,13,50,13,19,32,23,20,29,18,22,19,25,0,12,21,36,43,31,21,28,33,28,28,17,11,6,15,7,11,23,36
2016-12-01,15,27,20,57,45,20,36,29,26,35,52,22,22,18,32,24,22,49,14,0,36,20,38,12,63,17,30,41,44,23,36,1,13,54,11,22,29,18,16,27,16,26,17,21,0,12,20,36,32,32,18,32,37,16,26,22,11,6,13,6,10,23,33
2017-01-01,23,32,87,70,50,37,47,41,35,37,56,29,26,26,32,31,26,50,16,0,37,32,43,16,35,23,28,44,31,29,45,2,20,56,14,27,37,13,16,28,20,28,19,18,0,17,28,55,40,42,22,41,47,23,33,20,16,8,16,8,15,33,38
2017-02-01,26,40,34,67,52,42,52,55,40,50,58,35,28,34,31,32,28,46,21,0,38,30,44,15,32,28,35,50,30,26,51,4,16,65,15,34,37,16,17,24,23,32,15,35,3,17,30,57,46,46,25,44,38,31,40,17,17,11,25,13,15,31,44
2017-03-01,32,54,36,73,46,27,68,79,63,51,66,38,34,31,36,34,26,43,13,0,42,31,48,14,39,34,41,58,24,22,60,5,20,68,13,32,49,0,16,37,31,37,24,0,2,21,36,50,65,48,28,48,45,31,35,14,17,14,25,9,14,35,64
2017-04-01,36,58,39,56,53,39,77,77,62,42,75,44,29,49,28,38,17,38,15,5,42,35,47,17,40,43,37,35,22,23,56,5,25,55,16,35,56,0,16,49,40,45,27,30,2,21,40,59,73,45,32,32,44,42,43,14,20,10,29,0,17,41,59
2017-05-01,44,56,57,58,48,50,79,77,69,51,79,47,42,55,25,53,25,40,17,7,55,46,52,24,56,61,45,33,31,29,72,6,25,41,21,48,64,16,21,50,43,60,32,29,3,28,55,53,52,58,44,30,65,45,55,20,24,10,42,0,22,48,67
2017-06-01,62,57,78,52,39,70,79,74,54,45,79,42,53,69,23,62,32,33,22,6,50,67,49,32,70,75,40,37,25,21,76,10,30,37,22,59,74,40,22,52,35,68,49,36,4,40,57,59,51,66,66,24,84,50,66,19,32,9,48,10,28,48,64
2017-07-01,76,55,78,47,41,56,70,69,51,51,74,33,54,69,19,63,37,35,19,0,49,77,55,32,62,58,54,41,27,16,75,11,32,34,44,48,81,23,24,81,42,63,64,0,4,45,65,47,44,76,67,26,89,56,72,20,37,13,54,0,29,48,65
2017-08-01,65,46,55,39,33,33,60,58,45,39,55,41,49,57,20,50,22,26,17,0,39,61,47,33,55,41,49,33,27,15,66,9,22,48,29,37,62,29,24,91,34,44,43,19,0,39,51,38,40,55,51,20,67,48,60,17,26,11,39,9,18,36,56
2017-09-01,41,42,36,42,27,29,59,59,51,34,52,25,34,44,20,34,16,24,13,0,36,52,43,21,51,29,38,32,23,18,51,4,14,39,19,25,51,20,21,51,24,41,26,0,2,27,41,42,36,41,40,20,44,42,39,20,15,6,30,6,18,35,50
2017-10-01,35,37,27,50,34,24,50,50,51,33,45,29,30,43,22,24,16,33,18,0,33,22,43,13,32,27,44,29,26,20,49,3,14,66,15,23,37,17,15,27,20,33,25,0,0,20,28,42,34,34,31,28,36,54,33,12,12,6,19,0,18,25,45
2017-11-01,18,32,24,61,38,19,44,43,32,37,49,24,24,26,30,29,30,39,14,0,28,19,44,11,25,21,31,47,23,20,42,2,12,53,14,25,33,15,9,23,16,25,23,18,2,12,22,50,44,32,22,32,36,31,30,13,13,6,15,0,12,24,40
2017-12-01,16,30,27,66,56,17,41,38,28,38,46,26,24,20,31,28,23,50,17,0,25,20,43,11,23,22,31,51,30,22,46,2,14,56,14,29,35,0,14,27,16,26,23,16,0,11,22,47,40,32,21,34,37,20,23,12,13,9,18,0,12,22,36
2018-01-01,24,36,31,67,50,32,55,49,37,37,56,28,26,26,33,33,27,52,17,0,35,31,52,17,28,28,31,47,27,24,50,3,19,61,19,35,40,20,23,30,20,29,23,21,3,18,28,57,46,40,26,40,42,25,33,12,20,8,20,0,15,28,43
2018-02-01,26,42,28,69,51,28,57,56,47,43,62,35,27,27,32,33,21,47,16,12,37,30,54,17,32,32,30,47,25,25,51,3,18,62,16,33,39,0,18,31,25,31,21,27,0,19,32,54,55,47,25,44,42,31,37,11,16,8,24,0,16,28,48
2018-03-01,29,58,40,72,53,29,78,80,61,43,68,41,32,37,33,34,21,47,14,15,33,31,57,16,35,42,45,55,28,27,65,3,20,70,16,30,46,19,23,38,32,38,23,0,0,24,41,78,61,52,32,55,49,41,39,9,20,11,32,0,20,33,64
2018-04-01,32,53,45,58,61,39,71,77,65,41,65,42,37,41,27,40,22,41,21,24,65,38,50,18,43,47,38,42,32,38,55,5,22,51,18,43,55,31,20,40,29,48,24,20,2,28,38,62,67,53,31,36,52,46,42,19,23,8,35,7,18,39,60
2018-05-01,48,58,63,56,46,55,75,77,70,49,69,66,45,64,27,56,18,38,20,22,54,47,50,29,58,53,43,34,41,100,67,6,26,43,22,57,71,19,24,50,38,60,37,24,4,32,51,67,59,64,47,28,70,46,57,14,34,9,47,7,22,39,67
2018-06-01,65,59,79,50,41,57,70,73,56,37,64,39,49,66,22,64,17,36,16,28,52,69,57,38,59,62,39,38,33,21,73,7,31,36,29,57,70,20,24,75,36,61,40,23,2,38,58,57,48,69,72,23,77,47,65,12,39,8,60,8,25,44,65
2018-07-01,80,55,78,50,39,58,72,67,53,46,69,36,58,79,22,73,16,32,18,39,55,85,55,37,70,56,38,38,25,11,76,7,32,36,44,53,96,23,61,85,40,69,47,0,2,52,67,51,49,75,76,25,87,54,74,12,38,7,67,15,35,53,63
2018-08-01,71,48,56,49,34,49,63,62,55,35,59,29,45,60,21,65,16,29,20,27,63,100,48,36,60,45,36,42,26,10,59,7,27,37,36,43,69,20,26,53,28,47,43,15,2,48,62,52,44,54,59,26,74,48,59,10,28,7,40,7,25,40,56
2018-09-01,49,49,41,52,32,38,62,57,54,32,51,27,32,47,20,42,12,25,14,18,29,39,45,20,48,38,36,36,23,17,53,5,18,37,18,27,44,15,19,37,24,40,30,21,0,30,42,47,41,41,47,32,47,41,45,11,20,7,34,9,15,27,52
2018-10-01,37,40,32,57,33,24,56,52,48,43,51,28,26,48,20,29,12,32,12,21,31,26,37,12,35,33,41,53,21,19,47,3,16,45,41,20,38,19,19,33,26,34,21,0,2,26,27,51,38,32,32,28,40,52,34,13,14,8,24,0,12,31,45
2018-11-01,16,31,22,62,37,19,38,38,34,32,39,28,22,29,22,24,12,37,14,17,31,19,35,9,30,26,30,46,23,18,45,0,13,48,14,20,35,21,17,30,20,23,19,0,0,14,23,46,44,31,21,36,40,35,24,12,13,6,15,7,10,25,39
2018-12-01,17,33,22,74,49,21,42,36,29,40,53,24,21,27,25,25,14,53,21,18,32,23,38,11,28,22,30,50,30,17,41,2,15,60,11,22,31,22,20,25,18,23,19,0,2,13,24,48,46,33,23,43,45,23,26,17,27,9,16,8,11,26,36
2019-01-01,26,35,29,72,47,28,43,44,36,40,47,29,25,28,22,38,17,52,21,21,39,35,44,15,30,30,33,46,30,20,50,3,20,85,18,36,36,19,20,27,21,30,20,18,2,19,30,53,42,44,26,51,39,27,35,18,21,9,20,7,15,33,39
2019-02-01,26,36,30,76,51,34,50,53,38,40,52,35,24,31,24,35,16,57,16,27,36,31,49,15,29,38,29,54,50,18,51,38,22,65,16,33,43,20,19,30,21,30,16,0,2,19,28,52,49,40,25,49,40,26,34,18,20,8,23,0,13,32,44
2019-03-01,29,54,42,98,54,35,69,77,58,51,63,44,27,43,25,36,15,53,18,30,35,33,50,15,41,40,44,65,27,18,68,20,31,68,15,35,46,25,16,33,33,39,23,0,2,22,37,68,62,54,28,57,41,40,40,18,23,10,26,6,15,36,60
2019-04-01,35,53,42,66,52,41,72,74,65,44,66,45,32,51,20,35,18,49,20,31,41,36,51,17,46,48,42,50,27,21,61,25,25,59,17,44,58,29,19,35,32,48,27,26,3,24,42,66,70,53,32,43,51,47,48,17,25,10,36,0,17,37,63
2019-05-01,46,58,65,68,49,57,88,82,69,70,72,55,58,65,25,55,25,44,21,42,54,48,52,27,63,76,45,55,32,28,77,61,34,51,19,54,75,26,24,55,37,81,43,19,3,34,51,93,69,64,49,35,66,53,64,18,30,11,56,6,23,45,69
2019-06-01,67,58,82,57,42,66,81,79,63,64,65,37,62,78,19,71,27,37,20,37,48,74,49,33,72,85,44,47,25,16,82,62,32,43,26,61,82,18,25,76,42,88,49,24,3,41,58,89,52,71,72,35,78,53,74,12,40,10,75,0,31,44,66
2019-07-01,82,52,83,57,44,54,74,64,64,73,61,36,66,78,22,72,26,36,14,40,53,84,47,36,73,72,46,45,29,14,84,89,38,39,34,64,76,38,36,90,44,81,55,0,3,54,61,88,52,71,77,24,80,59,88,14,46,10,64,8,32,44,64
2019-08-01,74,49,67,52,33,55,62,62,57,42,58,33,57,75,19,70,24,31,20,36,52,75,42,29,80,59,39,45,26,14,69,57,36,43,29,53,69,24,27,63,32,62,48,21,4,52,52,65,44,58,64,28,74,57,68,15,40,8,57,5,24,40,60
2019-09-01,49,44,47,56,36,41,72,69,57,55,52,33,40,59,21,39,20,29,17,31,38,51,43,25,56,45,40,51,23,17,58,30,26,45,27,32,53,19,19,49,30,56,34,17,3,32,39,75,41,47,50,26,51,50,53,13,26,9,37,0,19,36,57
2019-10-01,36,41,38,63,41,36,56,50,53,50,43,35,33,63,21,28,20,34,22,26,33,27,42,13,42,38,41,53,25,17,55,22,19,49,60,30,41,22,19,34,27,42,26,16,4,20,28,76,40,42,33,35,36,60,36,15,17,8,22,0,13,28,49
2019-11-01,16,33,27,71,41,19,41,40,38,52,46,30,23,30,25,22,20,40,19,23,27,20,37,10,28,28,32,54,24,19,45,13,18,53,16,25,35,23,16,31,22,35,19,0,2,13,23,61,42,36,21,39,36,33,25,13,15,8,18,0,11,23,46
2019-12-01,17,33,23,67,47,27,46,36,33,56,42,30,26,30,27,26,24,55,29,23,28,21,36,11,25,24,31,53,32,20,47,13,19,67,16,32,34,22,24,23,21,28,20,23,3,16,23,68,37,36,21,45,37,21,24,16,17,56,21,0,11,23,38
2020-01-01,25,56,30,79,58,34,53,45,41,62,49,38,32,31,25,35,29,54,20,28,39,37,41,18,33,33,34,60,29,22,58,18,27,58,20,44,41,20,19,30,29,41,23,41,3,22,32,78,50,44,26,64,38,27,35,18,21,46,25,0,15,32,41
2020-02-01,27,54,32,76,55,35,58,49,47,63,44,41,31,34,25,33,28,53,20,29,41,34,46,17,44,33,39,59,29,22,60,22,23,58,19,54,42,16,22,32,33,41,21,27,3,23,36,75,53,43,25,69,37,29,37,15,25,39,27,0,15,29,49
2020-03-01,22,51,30,77,35,34,45,56,51,60,34,38,22,37,22,20,20,36,16,27,26,23,41,13,32,35,37,50,16,16,48,16,23,53,9,28,30,16,19,21,29,37,17,28,2,17,23,74,49,28,21,56,29,40,34,10,22,42,20,5,14,23,43
2020-04-01,20,30,34,47,19,33,28,28,32,32,24,22,22,38,11,22,15,24,17,19,27,23,29,11,30,32,37,36,9,18,32,17,23,23,13,44,23,21,16,18,17,28,16,38,2,16,22,53,28,24,17,26,19,27,36,13,22,24,20,7,13,17,24
2020-05-01,31,54,68,78,33,63,71,64,70,69,40,44,42,65,16,34,20,29,18,37,28,42,53,29,60,63,68,61,10,17,62,40,31,48,18,47,43,19,19,39,32,59,30,34,3,30,34,81,56,47,51,32,40,59,72,13,44,39,44,8,22,34,61
2020-06-01,59,68,86,75,33,100,87,81,80,70,52,51,67,85,16,40,27,26,29,41,34,73,55,44,87,99,58,57,10,11,96,75,33,47,18,55,77,31,24,75,48,81,37,29,5,48,45,89,67,71,84,27,81,71,87,15,56,49,69,0,36,50,82
2020-07-01,79,60,100,69,32,98,80,81,72,67,46,42,84,81,16,37,21,21,26,41,30,83,45,53,79,100,59,66,12,6,99,76,45,46,29,48,93,22,22,77,52,82,51,36,5,61,60,82,62,72,100,26,95,84,95,15,62,51,76,6,40,45,85
2020-08-01,80,62,79,68,30,85,73,71,62,64,49,39,58,79,20,34,19,19,21,38,28,74,42,46,69,85,48,63,9,6,85,60,39,37,27,39,76,17,26,69,38,73,50,36,3,66,56,67,47,72,88,29,84,66,79,11,47,51,55,7,33,41,80
2020-09-01,64,63,58,80,30,66,87,92,75,58,49,43,47,68,18,28,20,27,17,45,23,58,47,37,77,71,56,74,10,10,82,33,32,39,30,38,51,24,22,43,41,67,33,22,3,46,40,73,45,44,75,31,61,68,61,10,34,53,47,30,30,34,83
2020-10-01,44,59,38,78,29,52,69,77,59,58,42,45,37,74,19,18,24,29,17,34,19,31,40,25,51,53,57,80,9,10,67,20,21,42,39,24,34,13,16,35,36,51,24,28,4,25,28,77,44,31,56,41,36,100,34,11,18,58,26,0,22,26,90
2020-11-01,17,51,21,77,31,26,41,49,37,54,38,45,20,36,22,15,22,29,16,24,15,18,30,12,28,31,33,75,12,9,54,13,18,51,12,19,29,22,12,26,19,34,14,21,0,15,19,56,48,27,24,42,34,39,26,9,15,53,14,0,13,19,47
2020-12-01,16,36,24,79,44,31,40,45,37,42,33,37,24,26,20,18,21,44,20,25,18,25,31,16,30,35,36,71,14,17,50,12,17,41,13,27,29,17,16,22,19,28,14,20,22,14,19,63,44,29,25,53,36,27,22,12,22,55,15,0,14,19,41
2021-01-01,23,39,30,83,54,46,47,44,42,59,36,44,27,34,20,21,28,47,21,24,22,35,36,22,32,35,34,72,16,11,61,16,24,42,14,30,35,18,14,27,26,35,18,20,95,18,26,62,55,36,26,51,38,32,30,14,28,67,24,0,18,20,50
2021-02-01,24,45,35,91,48,35,55,55,51,50,49,43,25,35,23,24,25,48,15,30,23,35,43,22,39,39,37,76,17,14,54,15,23,45,11,34,39,20,19,26,28,39,15,0,51,19,25,59,57,39,24,57,44,28,33,17,28,57,21,6,18,24,59
2021-03-01,36,64,48,84,54,41,82,83,75,79,60,53,37,52,29,30,31,64,21,35,43,41,55,25,49,47,47,86,31,16,82,25,26,54,13,35,47,17,22,31,40,52,23,16,48,25,35,92,76,52,30,60,57,48,42,19,27,82,33,0,22,36,80
2021-04-01,46,69,59,76,51,60,91,100,92,70,74,60,45,60,28,39,37,46,15,42,37,54,55,31,56,70,53,71,42,17,76,31,34,55,17,51,59,18,22,44,44,69,32,18,59,32,48,87,76,57,38,58,60,58,55,20,36,88,50,0,27,45,85
2021-05-01,76,77,77,75,51,64,100,99,100,75,72,57,61,73,21,58,35,45,26,48,40,73,56,39,77,85,53,74,45,20,89,43,37,45,20,69,85,24,22,57,51,91,43,21,100,43,54,78,69,68,62,48,81,61,67,19,41,79,71,0,35,50,90
2021-06-01,95,80,88,68,52,86,94,96,83,74,83,68,71,89,19,64,36,43,29,62,41,96,54,53,88,90,59,67,38,16,95,60,50,37,30,81,90,42,37,74,60,94,59,41,87,71,69,85,61,72,100,33,85,62,85,23,62,72,97,11,41,49,100
2021-07-01,99,62,85,65,49,78,76,74,67,69,73,50,80,89,19,63,30,41,18,58,35,94,49,46,69,85,54,59,39,14,85,62,46,34,52,69,84,26,27,76,57,88,63,0,83,75,72,73,52,67,90,30,78,64,88,18,66,74,90,8,38,46,80
2021-08-01,86,50,63,57,34,49,59,63,53,51,55,37,57,70,13,54,26,29,18,43,35,72,38,36,58,64,50,60,33,13,66,47,55,31,43,65,66,20,32,53,38,62,57,0,59,52,60,61,47,51,69,31,57,61,84,17,56,57,59,0,29,36,56
2021-09-01,67,55,51,61,34,47,68,74,69,55,61,38,41,72,17,35,26,28,13,39,29,54,41,100,70,56,45,64,31,14,63,32,34,35,39,40,64,23,21,27,40,64,43,15,52,44,42,62,47,45,65,33,100,60,62,14,35,64,53,6,28,35,64
2021-10-01,45,43,34,61,36,30,57,64,52,52,54,37,31,63,20,23,29,33,18,41,19,27,38,24,44,40,47,66,32,17,59,20,22,46,35,30,32,27,15,21,35,45,28,20,53,25,28,74,41,34,37,43,36,66,35,15,23,61,32,0,18,31,51
2021-11-01,20,33,22,67,41,20,43,41,34,48,48,33,24,36,21,22,27,40,18,29,17,20,34,13,34,32,35,71,38,14,54,14,21,49,15,28,33,28,15,20,25,37,19,0,32,16,22,54,43,32,24,45,32,45,27,17,23,60,17,0,15,24,41
2021-12-01,19,31,20,71,54,19,39,36,31,54,43,37,24,28,26,23,31,50,19,34,22,24,34,15,26,26,27,64,42,15,50,12,22,54,15,26,31,29,17,21,23,25,19,19,28,17,20,60,42,32,23,51,38,26,23,20,35,72,13,0,16,23,39
2022-01-01,34,54,36,94,83,45,68,59,52,80,81,52,38,41,33,38,44,67,25,39,31,44,53,28,41,39,37,89,56,22,74,23,31,68,21,51,45,20,30,34,33,47,29,20,36,32,35,80,92,53,28,72,45,34,39,28,32,88,31,0,24,32,56
2022-02-01,34,52,38,90,74,45,78,70,66,86,66,64,40,39,35,35,50,66,31,48,39,43,57,28,57,46,42,95,53,23,78,27,33,73,21,53,52,32,22,32,38,46,32,52,37,34,43,86,87,56,29,76,55,39,45,24,37,79,34,6,24,36,63
2022-03-01,39,69,41,84,72,44,94,95,89,99,73,68,43,55,31,38,44,62,21,52,39,45,56,26,56,59,52,96,51,25,89,35,34,66,20,60,73,21,22,40,50,57,32,23,47,39,44,95,81,59,31,81,55,51,47,26,34,98,42,8,25,39,78
2022-04-01,54,76,53,70,67,74,88,99,92,80,76,68,51,75,27,42,46,59,31,60,44,48,54,27,67,68,55,71,60,28,89,45,39,55,25,88,75,32,34,45,55,66,40,24,52,39,49,90,75,61,43,57,61,57,55,24,41,81,48,14,27,42,74
2022-05-01,74,75,75,73,63,72,90,96,91,84,78,60,64,75,24,62,65,57,42,84,60,60,59,35,75,83,58,75,67,34,99,65,45,47,28,82,83,34,31,62,66,78,50,45,54,46,59,85,69,68,61,43,71,55,73,30,50,81,72,11,32,44,70
2022-06-01,89,64,88,59,47,84,79,76,86,68,57,46,67,80,22,56,42,40,31,100,56,89,54,49,76,80,46,49,55,21,95,83,47,41,37,81,79,26,28,71,70,87,57,18,60,53,67,80,57,71,84,33,75,59,90,26,54,69,85,7,100,47,68
2022-07-01,95,56,85,59,52,63,73,68,72,70,66,47,78,90,19,62,42,40,33,83,56,88,46,40,72,83,49,48,57,20,82,93,52,43,73,71,88,28,36,71,72,74,72,29,75,65,80,71,57,72,84,27,81,61,90,18,68,70,77,7,31,57,62
2022-08-01,86,53,65,59,45,71,68,68,57,76,59,46,62,78,47,62,37,36,45,53,51,73,46,37,70,64,47,51,55,19,82,67,49,44,50,62,63,35,31,52,55,60,63,59,62,70,61,58,50,56,75,36,61,58,74,19,55,65,65,8,26,34,68
2022-09-01,66,56,58,79,43,50,69,71,64,59,50,43,48,54,23,38,40,33,26,51,45,50,43,28,58,58,45,57,49,22,69,43,35,38,44,45,57,15,35,38,49,61,55,50,54,43,45,61,45,45,66,32,43,58,60,21,38,58,52,10,22,34,55
2022-10-01,50,46,35,65,42,41,60,61,53,66,54,42,33,67,23,32,39,37,27,45,29,28,43,19,46,42,48,62,44,22,64,30,23,45,97,37,42,13,17,30,45,47,33,29,48,30,34,69,42,38,44,41,37,67,41,17,24,63,35,0,15,27,57
2022-11-01,22,34,25,68,48,27,43,45,39,63,51,42,24,34,26,29,31,41,23,34,33,23,37,13,38,29,33,65,47,30,53,18,21,52,17,36,33,25,20,28,28,36,24,26,31,19,26,60,48,36,21,47,35,36,32,22,22,58,22,5,18,23,50
2022-12-01,21,33,23,67,66,30,40,37,32,71,52,40,26,30,29,26,38,55,26,40,32,27,39,14,32,30,33,69,50,23,55,21,24,59,20,41,32,27,20,31,30,32,23,19,32,20,27,61,42,38,21,50,37,26,29,24,24,60,21,6,18,28,38
2023-01-01,33,46,38,80,74,49,59,53,48,75,58,53,37,47,32,38,100,64,23,48,54,45,47,21,41,40,41,86,52,23,68,28,30,60,24,60,39,26,24,33,38,47,30,34,38,33,38,76,58,54,27,66,42,33,46,29,34,78,33,7,23,34,50
2023-02-01,33,46,39,82,73,50,61,57,51,84,64,50,38,47,32,37,52,61,22,50,49,39,48,20,41,43,43,77,54,25,69,33,29,65,22,53,42,23,29,41,41,43,32,31,38,26,36,83,68,52,29,71,40,38,40,25,33,73,30,12,20,51,51
2023-03-01,35,54,42,84,71,50,76,74,64,88,61,73,38,59,32,37,50,58,28,56,45,40,53,20,50,51,54,93,51,25,84,34,34,69,23,52,38,44,33,42,60,62,36,100,47,45,41,87,78,58,30,81,42,54,44,30,34,88,41,10,19,49,65
2023-04-01,46,61,47,68,62,66,86,90,75,78,67,87,41,74,25,39,46,48,23,62,43,40,51,23,56,60,55,77,54,23,78,45,33,58,28,52,60,34,33,37,61,57,39,32,53,38,49,92,100,63,33,55,47,56,52,22,34,77,48,11,22,40,64
2023-05-01,64,71,71,69,69,83,96,93,79,87,84,60,61,83,24,60,51,49,36,76,65,55,53,31,75,78,57,77,74,34,100,65,44,53,34,75,78,39,35,58,71,78,57,61,59,50,67,90,82,80,58,43,60,58,76,34,58,69,75,6,29,54,83
2023-06-01,83,69,94,94,74,100,85,86,72,88,98,59,78,85,18,65,44,42,24,73,64,79,55,40,80,83,56,66,65,27,97,87,48,53,39,76,70,33,100,69,78,97,70,38,64,67,87,86,77,84,78,34,74,63,92,24,100,82,100,10,34,66,73
2023-07-01,91,57,90,57,61,91,75,71,58,75,81,55,84,91,21,66,51,36,34,79,67,86,48,42,75,79,51,48,82,18,95,87,52,50,68,79,68,44,63,70,82,84,75,39,71,76,86,75,63,78,89,32,77,68,100,27,74,82,97,11,32,71,61
2023-08-01,77,52,69,59,48,68,71,61,61,65,70,49,63,78,23,54,36,32,25,60,61,69,47,40,63,52,49,51,60,17,73,57,40,61,56,69,48,40,45,54,62,66,66,22,55,67,71,67,47,61,69,30,58,61,82,19,58,54,62,8,25,47,51
2023-09-01,69,55,57,64,47,56,78,74,64,64,63,71,49,79,21,39,33,34,27,51,48,54,50,27,60,52,59,58,36,22,70,38,28,46,65,50,47,26,33,48,59,67,55,33,53,46,48,74,61,56,67,38,49,61,66,19,42,63,49,0,21,44,55
2023-10-01,47,47,40,76,57,41,68,70,55,68,63,50,38,70,28,28,31,37,26,50,47,31,45,18,58,40,55,76,37,22,72,24,26,52,94,45,39,29,50,35,58,55,36,31,53,33,36,78,57,43,45,45,41,80,52,21,37,76,39,8,16,37,49
2023-11-01,24,35,33,89,59,25,48,44,39,67,62,46,28,42,27,26,33,47,24,48,43,24,42,12,38,29,44,73,42,24,59,20,20,54,28,38,32,28,67,30,42,34,30,38,31,23,27,72,55,45,23,51,52,50,36,24,35,69,27,5,13,33,41
2023-12-01,23,33,30,77,71,40,51,40,40,72,60,48,31,39,28,28,42,65,26,49,42,31,42,14,33,34,40,74,53,22,62,21,26,62,27,45,36,38,37,31,44,34,27,39,30,26,33,70,60,49,24,58,46,31,37,32,28,73,28,0,14,31,40
2024-01-01,32,41,41,78,84,49,64,51,48,78,81,60,44,47,33,39,51,70,30,64,56,45,48,22,39,37,42,80,56,23,73,25,32,63,28,57,40,59,87,37,56,45,38,45,40,34,39,82,78,64,25,71,51,34,45,37,47,76,37,5,19,39,52
2024-02-01,33,46,43,78,85,51,69,56,52,84,72,64,40,52,36,36,42,67,36,59,53,41,56,23,41,41,48,95,53,26,83,31,32,66,29,58,44,52,42,39,59,48,44,58,40,37,48,78,71,64,29,75,45,42,45,28,40,76,35,13,18,38,52
2024-03-01,37,56,46,86,71,61,82,82,72,97,81,100,41,69,35,35,42,67,28,80,55,43,62,21,53,50,58,95,55,25,97,38,41,68,30,62,47,41,41,37,79,60,46,35,52,46,50,97,96,70,29,80,54,61,53,30,45,100,45,10,18,44,62
2024-04-01,50,61,52,72,68,52,82,86,83,93,84,86,50,80,29,47,45,62,29,86,56,46,62,24,57,54,57,88,78,27,92,45,44,59,27,62,53,44,48,49,78,62,55,44,49,47,55,87,91,68,39,59,58,63,60,27,52,84,52,10,21,47,59
2024-05-01,70,64,100,71,76,83,93,90,79,94,89,89,65,85,27,71,52,61,43,84,92,60,55,35,80,79,67,76,69,46,100,69,50,58,40,84,79,55,52,62,100,84,76,65,58,59,75,100,84,100,65,54,80,65,84,34,61,81,70,10,28,53,65
2024-06-01,92,62,92,54,50,91,77,79,66,74,88,61,80,96,19,68,44,41,37,95,82,84,51,42,72,80,56,63,61,26,95,100,56,47,37,90,87,46,60,76,94,86,89,29,65,84,87,85,73,89,78,36,88,66,98,27,65,78,71,8,30,57,66
2024-07-01,91,50,94,52,56,93,63,73,55,81,75,62,82,100,20,91,42,35,33,90,73,85,44,38,66,71,52,57,77,17,88,94,100,38,64,92,80,43,44,85,92,72,100,27,66,93,91,72,58,80,85,31,85,65,89,26,75,69,68,10,36,55,54
2024-08-01,85,54,68,56,42,69,61,63,56,66,76,54,65,82,18,56,40,32,29,70,63,80,43,33,66,54,51,60,61,18,85,76,52,45,60,66,77,32,36,57,81,63,81,27,60,75,80,62,54,75,68,34,68,69,76,23,55,59,59,9,23,44,52
2024-09-01,69,57,60,77,47,65,66,69,60,87,75,52,58,82,21,44,39,36,32,81,57,55,44,27,61,46,67,66,60,22,74,41,45,45,97,50,54,47,42,45,63,60,66,41,53,59,50,73,48,61,62,100,59,65,72,28,47,69,46,10,20,40,56
2024-10-01,52,44,37,76,47,45,56,60,62,76,59,51,39,79,21,29,36,40,24,67,45,30,39,17,54,38,62,74,52,21,72,30,33,51,59,40,44,37,28,39,56,41,47,47,53,37,36,74,48,53,37,46,47,90,50,32,49,71,34,0,15,31,49
2024-11-01,25,33,26,77,61,35,46,43,42,66,62,47,31,54,26,23,35,45,27,58,44,25,33,14,34,25,43,81,52,20,60,21,27,57,28,47,38,48,35,31,40,27,32,30,31,22,28,63,60,50,21,50,48,45,38,27,29,71,27,0,13,27,38
2024-12-01,25,31,26,73,85,37,48,38,39,88,70,47,31,41,31,28,48,62,33,54,51,28,36,17,42,28,44,85,63,25,60,21,26,65,26,51,38,48,35,27,34,30,31,39,33,26,33,73,58,52,23,65,47,28,40,32,30,80,27,0,15,28,35
2025-01-01,31,39,34,74,75,53,58,57,48,81,69,53,39,41,30,46,44,63,28,54,51,42,45,22,40,34,48,67,58,27,67,24,36,64,31,53,44,39,39,33,40,36,42,30,37,39,42,69,65,62,25,69,46,33,44,41,38,74,32,10,16,33,46
2025-02-01,34,42,35,78,84,55,64,53,55,91,82,57,46,46,27,41,40,62,37,53,49,36,47,26,46,36,51,81,55,26,69,30,35,69,36,54,45,46,41,32,41,36,36,51,41,35,43,67,66,60,26,76,45,39,52,32,37,80,34,0,16,49,50
2025-03-01,39,54,44,85,77,62,76,75,80,100,90,84,46,59,28,40,43,63,41,78,49,41,51,27,53,47,63,79,63,28,90,38,39,69,30,59,52,57,58,39,56,42,44,35,46,42,48,80,70,67,32,72,54,53,52,34,41,92,47,11,19,38,61
2025-04-01,45,54,48,63,68,61,80,69,78,70,85,75,68,65,23,38,40,54,36,69,60,41,46,28,54,50,65,69,65,30,71,44,43,51,45,59,53,52,32,44,51,46,53,50,49,52,54,73,70,72,34,55,57,59,59,33,49,63,49,9,21,39,57
2025-05-01,70,56,68,63,76,99,86,75,87,84,99,80,74,99,22,54,40,55,44,75,82,59,51,36,78,74,80,67,75,38,99,60,45,48,43,83,80,37,52,59,61,62,70,58,60,62,83,82,65,80,57,42,72,62,71,45,56,77,75,11,28,50,60
2025-06-01,88,51,76,52,59,75,71,63,63,77,100,63,92,91,17,66,38,36,28,73,63,76,38,42,77,71,58,54,68,26,86,88,100,36,49,83,80,41,42,76,58,55,85,32,72,80,88,72,60,82,75,28,77,65,79,23,61,71,79,10,27,50,54
2025-07-01,100,45,80,56,63,100,69,56,64,71,98,60,100,98,18,67,35,42,34,69,68,92,49,49,81,73,65,57,67,21,92,95,58,40,80,87,84,48,47,76,79,56,95,40,69,100,100,70,67,84,86,32,84,71,94,28,74,61,84,7,37,83,55
2025-08-01,88,42,65,65,52,60,65,50,64,63,84,54,84,93,18,61,32,34,32,70,65,73,35,43,87,53,61,61,64,21,76,71,46,41,70,70,74,35,62,63,63,48,83,24,62,90,72,61,60,79,69,37,77,65,74,23,60,56,65,8,23,59,49
2025-09-01,70,46,52,60,46,53,74,64,59,66,76,46,53,83,21,40,30,34,27,64,56,48,36,34,75,44,65,63,60,24,65,40,32,42,100,56,54,50,42,48,53,50,63,24,62,54,48,64,47,56,58,39,50,62,66,26,37,55,51,0,19,40,50
2025-10-01,66,42,41,67,52,40,65,52,64,75,63,54,37,81,27,27,33,41,34,56,38,31,40,25,54,38,79,62,57,24,67,33,28,60,46,41,50,42,28,39,53,39,47,24,61,46,37,86,55,51,40,49,47,91,52,25,30,64,35,11,16,39,50
2025-11-01,25,34,28,79,59,34,53,42,43,75,70,46,26,43,30,28,39,50,33,49,41,25,33,21,43,29,52,80,58,28,64,19,24,61,33,44,38,31,51,28,44,26,34,41,33,29,33,80,54,49,24,67,39,48,45,31,28,70,24,8,13,30,41
2025-12-01,24,32,26,87,88,44,47,39,43,87,71,53,30,41,36,26,47,64,32,50,44,27,37,22,40,31,48,80,70,33,66,19,25,70,29,40,39,39,33,31,44,31,34,29,35,38,32,73,58,50,23,65,47,32,37,32,26,86,26,15,13,34,39
2026-01-01,39,44,38,100,100,57,68,60,63,90,90,98,35,54,39,35,68,76,22,65,39,42,46,32,59,41,53,100,70,21,86,34,38,83,37,57,54,28,41,40,61,44,41,30,51,54,44,100,78,72,31,78,70,50,56,47,40,98,31,0,17,45,51
